品种,序,开仓日,平仓日,持有日,现价,长腿行权价,空腿行权价,入场权利金,平仓价值,收益率,累计净值
中证1000,1,20230522,20230710,33,6602.317,6600.0,7100.0,118.434,37.014,-0.6875,0.8969
中证1000,2,20230828,20231009,24,5879.027,5900.0,6300.0,188.82,161.772,-0.1432,0.8776
中证1000,3,20231025,20231204,28,5719.323,5700.0,6200.0,134.272,367.84,1.7395,1.1066
中证1000,4,20240108,20240207,22,5675.809,5700.0,6100.0,87.14,0.19,-0.9978,0.941
中证1000,5,20240221,20240408,31,5046.012,5000.0,5400.0,117.586,281.042,1.3901,1.1372
中证1000,6,20240418,20240506,9,5287.456,5300.0,5700.0,99.976,249.136,1.492,1.3917
中证1000,7,20250408,20250506,17,5496.443,5500.0,5900.0,151.316,354.896,1.3454,1.6725
中证1000,8,20251020,20251110,15,7185.478,7200.0,7800.0,175.872,311.7,0.7723,1.8663
中证1000,9,20251125,20260105,27,7156.408,7200.0,7700.0,127.258,410.112,2.2227,2.4885
中证1000,10,20260304,20260407,23,8142.454,8100.0,8800.0,223.38,3.12,-0.986,2.1204
中证1000,11,20260414,20260506,13,8025.572,8000.0,8700.0,197.848,501.364,1.5341,2.6084
中证500,1,20230427,20230512,8,6.159,6.25,6.75,0.0652,0.0169,-0.7406,0.8889
中证500,2,20230519,20230616,20,6.153,6.25,6.75,0.0675,0.0333,-0.5076,0.8212
中证500,3,20230817,20230915,21,5.945,6.0,6.5,0.09,0.0109,-0.8792,0.7129
中证500,4,20231020,20231110,15,5.561,5.5,6.0,0.135,0.1669,0.236,0.7382
中证500,5,20231219,20240112,17,5.483,5.5,6.0,0.0987,0.0084,-0.9149,0.6369
中证500,6,20240116,20240219,18,5.279,5.25,5.75,0.1106,0.0709,-0.3591,0.6026
中证500,7,20240730,20240816,13,4.776,4.8,5.25,0.0691,0.039,-0.4359,0.5632
中证500,8,20250408,20250516,25,5.28,5.25,5.75,0.1846,0.3992,1.1625,0.6614
中证500,9,20251020,20251114,19,7.114,7.0,7.75,0.2285,0.33,0.4442,0.7054
中证500,10,20251124,20251212,14,6.922,7.0,7.5,0.1218,0.2648,1.1742,0.8297
中证500,11,20260304,20260410,26,8.375,8.25,9.0,0.2278,0.0406,-0.8216,0.7274
中证500,12,20260715,20260720,3,8.413,8.35,9.086,0.2033,0.0572,-0.7185,0.649
创业板,1,20230427,20230512,8,2.226,2.25,2.4,0.0333,0.0095,-0.7153,0.8927
创业板,2,20230523,20230616,18,2.214,2.2,2.4,0.0609,0.029,-0.5237,0.8226
创业板,3,20230914,20231013,15,1.974,1.95,2.15,0.0621,0.0215,-0.6544,0.7418
创业板,4,20231023,20231110,14,1.85,1.85,2.0,0.0407,0.0942,1.3161,0.8883
创业板,5,20240109,20240219,23,1.699,1.7,1.85,0.0446,0.0277,-0.3788,0.8378
创业板,6,20240417,20240510,14,1.713,1.7,1.85,0.048,0.1126,1.345,1.0069
创业板,7,20240815,20240913,21,1.555,1.55,1.7,0.0413,0.0059,-0.8564,0.8775
创业板,8,20250409,20250516,24,1.804,1.8,1.95,0.0519,0.137,1.6372,1.093
创业板,9,20251020,20251114,19,2.915,2.9,3.1,0.0713,0.1353,0.8968,1.24
创业板,10,20260304,20260410,26,3.205,3.2,3.5,0.0874,0.1895,1.169,1.4575
创业板,11,20260611,20260710,20,3.87,3.9,4.2,0.0887,0.0655,-0.2622,1.4002
科创50,1,20240108,20240219,24,0.849,0.85,0.9,0.0159,0.0017,-0.8947,0.8658
科创50,2,20250205,20250314,27,1.009,1.0,1.1,0.0376,0.0904,1.4015,1.0478
科创50,3,20250408,20250516,25,0.97,0.95,1.05,0.0402,0.0789,0.9635,1.1992
科创50,4,20251104,20251212,28,1.47,1.45,1.6,0.0518,0.0107,-0.794,1.0564
科创50,5,20260304,20260410,26,1.464,1.45,1.6,0.0488,0.0184,-0.6238,0.9576
科创50,6,20260609,20260710,22,1.683,1.7,1.8,0.044,0.0845,0.9202,1.0897
沪深300,1,20210205,20210312,20,5.474,5.5,5.922,0.1236,0.0037,-0.9705,0.8544
沪深300,2,20210316,20210416,22,5.04,5.0,5.5,0.1414,0.0454,-0.6787,0.7674
沪深300,3,20210705,20210813,29,5.113,5.0,5.5,0.1731,0.0571,-0.6701,0.6903
沪深300,4,20210818,20210910,17,4.904,4.9,5.25,0.0799,0.182,1.2788,0.8227
沪深300,5,20220107,20220211,20,4.887,4.923,5.169,0.0566,0.0008,-0.9862,0.701
沪深300,6,20220215,20220311,18,4.547,4.529,4.9,0.0956,0.0074,-0.9225,0.604
沪深300,7,20220315,20220415,21,4.172,4.2,4.5,0.0842,0.048,-0.4303,0.565
沪深300,8,20220422,20220513,12,3.996,4.0,4.3,0.0962,0.0494,-0.4869,0.5238
沪深300,9,20220803,20220916,31,4.167,4.2,4.5,0.1008,0.0033,-0.9677,0.4477
沪深300,10,20221021,20221111,15,3.824,3.8,4.1,0.0939,0.08,-0.1477,0.4378
沪深300,11,20230524,20230616,17,3.907,3.9,4.234,0.0731,0.0897,0.2272,0.4527
沪深300,12,20231024,20231110,13,3.544,3.5,3.8,0.0971,0.1543,0.588,0.4927
沪深300,13,20231207,20240112,25,3.463,3.427,3.72,0.0553,0.0048,-0.9123,0.4253
沪深300,14,20240123,20240219,13,3.206,3.2,3.427,0.0584,0.1565,1.6813,0.5325
沪深300,15,20240813,20240913,23,3.389,3.4,3.7,0.0562,0.0009,-0.9843,0.4539
沪深300,16,20250409,20250516,24,3.73,3.7,4.0,0.0845,0.2598,2.0761,0.5952
沪深300,17,20251124,20251212,14,4.564,4.6,4.9,0.072,0.1,0.3905,0.6301
沪深300,18,20260203,20260313,22,4.6,4.6,5.0,0.1274,0.0945,-0.258,0.6057
沪深300,19,20260318,20260410,16,4.646,4.6,5.0,0.1068,0.0631,-0.409,0.5685
